商品,款式,SKU,原图URL,去中文文件,状态
🔥Buy 1 Get 1 Free🔥 Portable Camping Water Dispenser,Army green,A0056044,https://img.staticdj.com/652e0b67b5dabf2ae1ea9b9640cb1c9b.jpeg,A0056044.png,OK
🔥Buy 1 Get 1 Free🔥 Portable Camping Water Dispenser,Khaki color,A0056045,https://img.staticdj.com/827f335df0db9f99ff3c2dfbde6a12e5.jpeg,A0056045.png,OK
Multipurpose Automatic Fruit & Vegetable Peeler Machine,Blue【English】,A0056043,https://img.staticdj.com/7e0178d465990576cfa5773e06295be3.jpeg,A0056043.png,OK
Insulated Foil Food Covers,38cm Aluminum Foil Insulation Universal [1 piece],A0056037,https://img.staticdj.com/c143929c6d07df80dca5e335c6cb1f5a.jpeg,A0056037.png,OK
Insulated Foil Food Covers,38cm Aluminum Foil Insulation Universal [10 pieces],A0056038,https://img.staticdj.com/c143929c6d07df80dca5e335c6cb1f5a.jpeg,A0056038.png,OK
Insulated Foil Food Covers,38cm Aluminum Foil Insulation Universal [20 pieces],A0056039,https://img.staticdj.com/c143929c6d07df80dca5e335c6cb1f5a.jpeg,A0056039.png,OK
Insulated Foil Food Covers,38cm Aluminum Foil Insulation Universal [30 pieces],A0056040,https://img.staticdj.com/c143929c6d07df80dca5e335c6cb1f5a.jpeg,A0056040.png,OK
Insulated Foil Food Covers,38cm Aluminum Foil Insulation Universal [50 pieces],A0056041,https://img.staticdj.com/c143929c6d07df80dca5e335c6cb1f5a.jpeg,A0056041.png,OK
Cordless Electric Rotary Cutter,Pink tool packaging (2000mAh),A0056017,https://img.staticdj.com/09ec2211345e1eb2d72ba880247e4334.jpeg,A0056017.png,OK
Cordless Electric Rotary Cutter,Yellow tool packaging (2000mAh),A0056018,https://img.staticdj.com/daad48101789e1c8d0286b731177c367.jpeg,A0056018.png,OK
Cordless Electric Rotary Cutter,Blue tool packaging (2000mAh),A0056019,https://img.staticdj.com/87e05cb5464fbc0df0a26b330abf2b69.jpeg,A0056019.png,OK
Cordless Electric Rotary Cutter,Green tool packaging (2000mAh),A0056020,https://img.staticdj.com/b069d58078102c36fa2369cc4c0a5ce8.jpeg,A0056020.png,OK
Cordless Electric Rotary Cutter,Pink Tool Packaging Flagship Edition (2000mAh),A0056021,https://img.staticdj.com/e34c81d4cffd4962927cb47084af1ad3.jpeg,A0056021.png,OK
Cordless Electric Rotary Cutter,Yellow Tool Packaging Flagship Edition (2000mAh),A0056022,https://img.staticdj.com/a886dea4d26d417f80464b53092c26c9.jpeg,A0056022.png,OK
Cordless Electric Rotary Cutter,Blue Tool Packaging Flagship Edition (2000mAh),A0056023,https://img.staticdj.com/b6f11e7717fad998bf380256b509a514.jpeg,A0056023.png,OK
Cordless Electric Rotary Cutter,Green Tool Packaging Flagship Edition (2000mAh),A0056024,https://img.staticdj.com/dc8998fc398f42339f81f1cacbb10a7a.jpeg,A0056024.png,OK
Cordless Electric Rotary Cutter,Pink Tool Packaging Deluxe Edition (2000mAh),A0056025,https://img.staticdj.com/596f21e04be0ca2efce1766c69e43aaf.jpeg,A0056025.png,OK
Cordless Electric Rotary Cutter,Yellow tool packaging deluxe version (2000mAh),A0056026,https://img.staticdj.com/ce44662d6244360179ee0bff3b9119ac.jpeg,A0056026.png,OK
Cordless Electric Rotary Cutter,Blue Tool Packaging Deluxe Edition (2000mAh),A0056027,https://img.staticdj.com/e474c42766a46d1028119e03c268897d.jpeg,A0056027.png,OK
Cordless Electric Rotary Cutter,Green Tool Packaging Deluxe Edition (2000mAh),A0056028,https://img.staticdj.com/cd9b2198c92ade5bc497db9453a0a0b5.jpeg,A0056028.png,OK
Women's Korean-Style Fashion Sandals,Matcha Camouflage,A0055912,https://img.staticdj.com/6c82110667412d03eb0014e0a65b3668.jpeg,A0055912.png,OK
Women's Korean-Style Fashion Sandals,Matcha Camouflage,A0055926,https://img.staticdj.com/6c82110667412d03eb0014e0a65b3668.jpeg,A0055926.png,OK
Women's Korean-Style Fashion Sandals,Matcha Camouflage,A0055940,https://img.staticdj.com/6c82110667412d03eb0014e0a65b3668.jpeg,A0055940.png,OK
Women's Korean-Style Fashion Sandals,Matcha Camouflage,A0055954,https://img.staticdj.com/6c82110667412d03eb0014e0a65b3668.jpeg,A0055954.png,OK
Women's Korean-Style Fashion Sandals,Matcha Camouflage,A0055968,https://img.staticdj.com/6c82110667412d03eb0014e0a65b3668.jpeg,A0055968.png,OK
Women's Korean-Style Fashion Sandals,Matcha Camouflage,A0055982,https://img.staticdj.com/6c82110667412d03eb0014e0a65b3668.jpeg,A0055982.png,OK
Women's Korean-Style Fashion Sandals,Matcha Camouflage,A0055996,https://img.staticdj.com/6c82110667412d03eb0014e0a65b3668.jpeg,A0055996.png,OK
Retractable Portable Table Tennis Net,Small color box (gray),A0055892,https://img.staticdj.com/e3ede9992c8fc8845e8325ed1a6da52e.jpeg,A0055892.png,OK
Retractable Portable Table Tennis Net,Small color box (black),A0055893,https://img.staticdj.com/e8a8b54a000fdb27e92effd14533a895.jpeg,A0055893.png,OK
🔥Buy 1 Get 1 Free🔥 Double Sides Toilet Brush,Blue [Suction Cup Liquid Dispensing Toilet Brush],A0055795,https://img.staticdj.com/c28731402f7e4858fe63a04e28839c4d.jpeg,A0055795.png,OK
🔥Buy 1 Get 1 Free🔥 Double Sides Toilet Brush,Yellow [Suction Cup Liquid Dispensing Toilet Brush],A0055796,https://img.staticdj.com/51d8b31a08ec73a3644c8387f9cf7e0b.jpeg,A0055796.png,OK
🔥Buy 1 Get 1 Free🔥 Double Sides Toilet Brush,Red [Suction Cup Toilet Brush with Liquid Dispenser],A0055797,https://img.staticdj.com/04262b206e7f4f2e33ff93b3dddb07eb.jpeg,A0055797.png,OK
🔥Buy 1 Get 1 Free🔥 Double Sides Toilet Brush,Green [Suction Cup Liquid Dispensing Toilet Brush],A0055798,https://img.staticdj.com/f2d91502ad05bb01b7d7a8ed0aad4e15.jpeg,A0055798.png,OK
